Workbook
Name Slicer_Age_Group1: #N/A
Name Slicer_Area1: #N/A
Name Slicer_AreaType: #N/A
Name Slicer_Final_Outcome: #N/A

Sheet Dashboard

Sheet dataset
A1: Gender | B1: Age | C1: NS1 | D1: IgG | E1: IgM | F1: Area | G1: AreaType | H1: HouseType | I1: District | J1: Outcome | K1: Final Outcome | L1: Age Group
A2: Female | B2: 45 | C2: 0 | D2: 0 | E2: 0 | F2: Mirpur | G2: Undeveloped | H2: Building | I2: Dhaka | J2: 0 | K2: =IF(J2=0, "Not Affected", "Affected") -> Not Affected | L2: {=_xlfn.IFS(B2>60,"Older Adult(>60)",B2>35,"Middle-aged Adult(36-60)",B2>18,"Young Adult(19-35)",B2>12,"Adolescent(13-18)",B2>0,"Child(<13)")} -> Middle-aged Adult(36-60)
A3: Male | B3: 17 | C3: 0 | D3: 0 | E3: 1 | F3: Chawkbazar | G3: Developed | H3: Building | I3: Dhaka | J3: 0 | K3: =IF(J3=0, "Not Affected", "Affected") -> Not Affected | L3: {=_xlfn.IFS(B3>60,"Older Adult(>60)",B3>35,"Middle-aged Adult(36-60)",B3>18,"Young Adult(19-35)",B3>12,"Adolescent(13-18)",B3>0,"Child(<13)")} -> Adolescent(13-18)
A4: Female | B4: 29 | C4: 0 | D4: 0 | E4: 0 | F4: Paltan | G4: Undeveloped | H4: Other | I4: Dhaka | J4: 0 | K4: =IF(J4=0, "Not Affected", "Affected") -> Not Affected | L4: {=_xlfn.IFS(B4>60,"Older Adult(>60)",B4>35,"Middle-aged Adult(36-60)",B4>18,"Young Adult(19-35)",B4>12,"Adolescent(13-18)",B4>0,"Child(<13)")} -> Young Adult(19-35)
A5: Female | B5: 63 | C5: 1 | D5: 1 | E5: 0 | F5: Motijheel | G5: Developed | H5: Other | I5: Dhaka | J5: 1 | K5: =IF(J5=0, "Not Affected", "Affected") -> Affected | L5: {=_xlfn.IFS(B5>60,"Older Adult(>60)",B5>35,"Middle-aged Adult(36-60)",B5>18,"Young Adult(19-35)",B5>12,"Adolescent(13-18)",B5>0,"Child(<13)")} -> Older Adult(>60)
A6: Male | B6: 22 | C6: 0 | D6: 0 | E6: 0 | F6: Gendaria | G6: Undeveloped | H6: Building | I6: Dhaka | J6: 0 | K6: =IF(J6=0, "Not Affected", "Affected") -> Not Affected | L6: {=_xlfn.IFS(B6>60,"Older Adult(>60)",B6>35,"Middle-aged Adult(36-60)",B6>18,"Young Adult(19-35)",B6>12,"Adolescent(13-18)",B6>0,"Child(<13)")} -> Young Adult(19-35)
A7: Female | B7: 36 | C7: 0 | D7: 0 | E7: 1 | F7: Dhanmondi | G7: Developed | H7: Other | I7: Dhaka | J7: 0 | K7: =IF(J7=0, "Not Affected", "Affected") -> Not Affected | L7: {=_xlfn.IFS(B7>60,"Older Adult(>60)",B7>35,"Middle-aged Adult(36-60)",B7>18,"Young Adult(19-35)",B7>12,"Adolescent(13-18)",B7>0,"Child(<13)")} -> Middle-aged Adult(36-60)
A8: Female | B8: 15 | C8: 0 | D8: 0 | E8: 1 | F8: New Market | G8: Undeveloped | H8: Building | I8: Dhaka | J8: 0 | K8: =IF(J8=0, "Not Affected", "Affected") -> Not Affected | L8: {=_xlfn.IFS(B8>60,"Older Adult(>60)",B8>35,"Middle-aged Adult(36-60)",B8>18,"Young Adult(19-35)",B8>12,"Adolescent(13-18)",B8>0,"Child(<13)")} -> Adolescent(13-18)
A9: Male | B9: 26 | C9: 0 | D9: 0 | E9: 0 | F9: New Market | G9: Developed | H9: Other | I9: Dhaka | J9: 0 | K9: =IF(J9=0, "Not Affected", "Affected") -> Not Affected | L9: {=_xlfn.IFS(B9>60,"Older Adult(>60)",B9>35,"Middle-aged Adult(36-60)",B9>18,"Young Adult(19-35)",B9>12,"Adolescent(13-18)",B9>0,"Child(<13)")} -> Young Adult(19-35)
A10: Female | B10: 31 | C10: 0 | D10: 0 | E10: 1 | F10: Dhanmondi | G10: Undeveloped | H10: Tinshed | I10: Dhaka | J10: 0 | K10: =IF(J10=0, "Not Affected", "Affected") -> Not Affected | L10: {=_xlfn.IFS(B10>60,"Older Adult(>60)",B10>35,"Middle-aged Adult(36-60)",B10>18,"Young Adult(19-35)",B10>12,"Adolescent(13-18)",B10>0,"Child(<13)")} -> Young Adult(19-35)
A11: Female | B11: 10 | C11: 0 | D11: 0 | E11: 1 | F11: Sher-e-Bangla Nagar | G11: Developed | H11: Tinshed | I11: Dhaka | J11: 0 | K11: =IF(J11=0, "Not Affected", "Affected") -> Not Affected | L11: {=_xlfn.IFS(B11>60,"Older Adult(>60)",B11>35,"Middle-aged Adult(36-60)",B11>18,"Young Adult(19-35)",B11>12,"Adolescent(13-18)",B11>0,"Child(<13)")} -> Child(<13)
A12: Female | B12: 31 | C12: 1 | D12: 1 | E12: 0 | F12: Kafrul | G12: Undeveloped | H12: Building | I12: Dhaka | J12: 1 | K12: =IF(J12=0, "Not Affected", "Affected") -> Affected | L12: {=_xlfn.IFS(B12>60,"Older Adult(>60)",B12>35,"Middle-aged Adult(36-60)",B12>18,"Young Adult(19-35)",B12>12,"Adolescent(13-18)",B12>0,"Child(<13)")} -> Young Adult(19-35)
A13: Male | B13: 10 | C13: 0 | D13: 0 | E13: 0 | F13: Dhanmondi | G13: Developed | H13: Tinshed | I13: Dhaka | J13: 0 | K13: =IF(J13=0, "Not Affected", "Affected") -> Not Affected | L13: {=_xlfn.IFS(B13>60,"Older Adult(>60)",B13>35,"Middle-aged Adult(36-60)",B13>18,"Young Adult(19-35)",B13>12,"Adolescent(13-18)",B13>0,"Child(<13)")} -> Child(<13)
... A1001: Female | B1001: 28 | C1001: 0 | D1001: 0 | E1001: 1 | F1001: Adabor | G1001: Developed | H1001: Building | I1001: Dhaka | J1001: 0 | K1001: =IF(J1001=0, "Not Affected", "Affected") -> Not Affected | L1001: {=_xlfn.IFS(B1001>60,"Older Adult(>60)",B1001>35,"Middle-aged Adult(36-60)",B1001>18,"Young Adult(19-35)",B1001>12,"Adolescent(13-18)",B1001>0,"Child(<13)")} -> Young Adult(19-35)

Sheet KPI
A4: Total Patient | B4: =GETPIVOTDATA("Final Outcome",'Pivot for KPI'!$F$9) -> 30
A5: Affected Patients | B5: =GETPIVOTDATA("Final Outcome",'Pivot for KPI'!$F$14,"Outcome",1) -> 12
A7: Average age of patients | B7: =GETPIVOTDATA("Age",'Pivot for KPI'!$F$20) -> 38.8
A9: Total Area | B9: =COUNTA(_xlfn.UNIQUE(dataset!F2:F1001)) -> 36
A11: Prevalence Rate | B11: =GETPIVOTDATA("Count of Final Outcome",'Pivot for KPI'!$F$14,"Outcome",1) -> 0.4

Sheet Pivot for KPI
F9: Total Patients
F10: 30
B14: Row Labels | C14: Sum of Outcome | F14: Row Labels | G14: Total Patients | H14: Count of Final Outcome
B15: Jatrabari | C15: 31 | F15: 0 | G15: 18 | H15: 0.6
B16: Demra | C16: 26 | F16: 1 | G16: 12 | H16: 0.4
B17: Tejgaon | C17: 24 | F17: Grand Total | G17: 30 | H17: 1
B18: Bangshal | C18: 24
B19: Mohammadpur | C19: 20
B20: Mirpur | C20: 19 | F20: Average of Age
B21: Kadamtali | C21: 19 | F21: 38.8
B22: Badda | C22: 17
B23: Kafrul | C23: 17
B24: Dhanmondi | C24: 17
B25: Grand Total | C25: 214

Sheet Age grouping vs Disease
A3: Count of Final Outcome | B3: Column Labels
A4: Row Labels | B4: Affected | C4: Not Affected | D4: Grand Total
A5: Middle-aged Adult(36-60) | B5: 0.2 | C5: 0.3 | D5: 0.5
A6: Young Adult(19-35) | B6: 0.066666667 | C6: 0.13333333 | D6: 0.2
A7: Adolescent(13-18) | B7: 0.033333333 | C7: 0.066666667 | D7: 0.1
A8: Older Adult(>60) | B8: 0.1 | C8: 0 | D8: 0.1
A9: Child(<13) | B9: 0 | C9: 0.1 | D9: 0.1
A10: Grand Total | B10: 0.4 | C10: 0.6 | D10: 1
B24: Row Labels | C24: Number of patients
B25: Female | C25: 14
B26: Male | C26: 16
B27: Grand Total | C27: 30

Sheet House Types vs cases
A3: House Type | B3: Dengue cases | C3: Total
A4: Other | B4: 3 | C4: 10
A5: Tinshed | B5: 4 | C5: 11
A6: Building | B6: 5 | C6: 9
A7: Grand Total | B7: 12 | C7: 30
B15: Area Types | C15: Dengue Cases
B16: Developed | C16: 8
B17: Undeveloped | C17: 4
B18: Grand Total | C18: 12

Sheet Diagnostic Views
A3: Total NS1 | B3: Total IgG | C3: Total IgM
A4: 12 | B4: 12 | C4: 11
C17: Row Labels | D17: Total NS1 | E17: Total IgG | F17: Total IgM
C18: Female | D18: 4 | E18: 4 | F18: 5
C19: Male | D19: 8 | E19: 8 | F19: 6
C20: Grand Total | D20: 12 | E20: 12 | F20: 11

Sheet Sheet1
A1: Summary of the age of patients
A3: Mean | B3: 35.924
A4: Standard Error | B4: 0.52077772
A5: Median | B5: 37
A6: Mode | B6: 45
A7: Standard Deviation | B7: 16.468437
A8: Sample Variance | B8: 271.20943
A9: Kurtosis | B9: -1.1547974
A10: Skewness | B10: -0.0018835922
A11: Range | B11: 57
A12: Minimum | B12: 8
A13: Maximum | B13: 65
A14: Sum | B14: 35924
A15: Count | B15: 1000
